Haplotype,Frequency,EUR_freq,AFA_freq,API_freq,HIS_freq
HLA-DQA1*03:01/DQB1*03:02,9.62,NA,NA,NA,NA
HLA-DQA1*01:02/DQB1*06:02,14.27,NA,NA,NA,NA
HLA-DQA1*01:01/DQB1*05:01,10.85,NA,NA,NA,NA
HLA-DQA1*05:01/DQB1*02:01,13.16,NA,NA,NA,NA
HLA-DQA1*02:01/DQB1*02:02,11.08,NA,NA,NA,NA
HLA-DQA1*05:05/DQB1*03:01,11.06,NA,NA,NA,NA
HLA-DQA1*03:03/DQB1*03:01,6.45,NA,NA,NA,NA
HLA-DQA1*01:03/DQB1*06:03,5.66,NA,NA,NA,NA
HLA-DRB1*01:01,6.751076,9.149,2.599,2.743,3.877
HLA-DRB1*03:01,10.41747,12.916,7.069,5.373,7.329
HLA-DRB1*04:01,6.13024,9.111,2.287,0.905,1.451
HLA-DRB1*07:01,12.038108,13.767,9.771,8.201,10.455
HLA-DRB1*11:01,5.663515,5.654,8.711,5.119,4.202
HLA-DRB1*13:01,5.452668,6.283,5.551,2.376,4.202
HLA-DRB1*15:01,10.820251,14.441,2.931,7.919,6.678
HLA-A*11:01,5.55656,5.642,1.581,17.899,4.618
HLA-A*02:01,23.67788,29.604,12.458,9.458,19.403
HLA-A*01:01,12.54922,17.181,4.742,5.082,6.702
HLA-A*03:01,11.36067,14.347,8.132,2.597,7.907
HLA-A*24:02,8.90962,8.686,2.205,18.238,12.324
HLA-B*07:02,10.5852,13.987,7.303,2.632,5.453
HLA-B*08:01,8.994209,12.525,3.838,1.641,4.452
HLA-B*44:02,6.381633,9.011,2.116,0.764,3.327
HLA-B*44:03,5.088792,4.963,5.373,4.244,6.078
HLA-B*35:01,5.7441,5.713,6.494,4.273,6.353
HLA-C*03:04,7.462526,8.215,5.33,8.352,6.978
HLA-C*04:01,12.349008,10.534,18.457,8.07,16.508
HLA-C*05:01,6.893611,9.136,3.526,0.847,4.652
HLA-C*06:02,8.277646,9.301,8.855,6.518,5.878
HLA-C*07:01,13.855665,16.658,12.401,3.894,10.355
HLA-C*07:02,12.949919,15.006,6.968,14.56,11.281
