aa_num,entropy
614,0.685863195093004
1263,0.0460685156879794
