aa_num,entropy
5,0.0351651118824813
6,0.008734853309012771
8,0.0298166364338022
23,0.00869913103889889
24,0.00811856558826423
27,0.0121131524235059
32,0.011556760284333
47,0.008610196190410471
49,0.0121244221931454
50,0.023640659813942002
54,0.0201147619309735
66,0.00861696898997708
71,0.012088854535778999
72,0.0109625838796424
76,0.0151879223988071
78,0.00803011833602678
112,0.00860826317335486
113,0.00860729700916515
137,0.008616000757000891
151,0.00891871913646645
153,0.0129168964429582
155,0.008618906146864109
176,0.00865295620993449
197,0.0106947194940396
218,0.0112403387538198
221,0.0122706537219956
239,0.0095719084486742
254,0.0160340742657222
255,0.0107593329933067
260,0.00821523528886962
278,0.009466175943914641
281,0.008316326302311591
292,0.00826648512635355
306,0.00888749273287782
346,0.0106491913392483
367,0.0139678894152052
372,0.0102585688284293
402,0.00808583524013393
445,0.009016495603053641
476,0.00914257829235293
483,0.0246148324746742
498,0.00955238765951593
519,0.0119767035247482
529,0.00859475772409323
556,0.00859379476459227
614,0.685863195093004
615,0.0131187354468836
622,0.0105991576673868
675,0.0151391251178667
681,0.008785760110959379
688,0.0119932495660418
689,0.00963209581260437
706,0.00803458139402187
747,0.008896971792169821
765,0.011526983752826
831,0.0243841972881166
839,0.0240365155581506
879,0.0105737052624774
936,0.0345905030020576
939,0.0089127768422323
943,0.020552767629714
1078,0.0135328249920637
1084,0.0132515415381407
1125,0.00974496483427155
1162,0.0079883362139063
1228,0.00929525962385274
1263,0.0460685156879794
