aa_num,entropy
5,0.0351651118824813
8,0.0298166364338022
27,0.0121131524235059
32,0.011556760284333
49,0.0121244221931454
50,0.023640659813942002
54,0.0201147619309735
71,0.012088854535778999
76,0.0151879223988071
153,0.0129168964429582
221,0.0122706537219956
254,0.0160340742657222
367,0.0139678894152052
483,0.0246148324746742
519,0.0119767035247482
614,0.685863195093004
615,0.0131187354468836
675,0.0151391251178667
688,0.0119932495660418
765,0.011526983752826
831,0.0243841972881166
839,0.0240365155581506
936,0.0345905030020576
943,0.020552767629714
1078,0.0135328249920637
1084,0.0132515415381407
1263,0.0460685156879794
