aa_num,entropy
5,0.0351651118824813
614,0.685863195093004
936,0.0345905030020576
1263,0.0460685156879794
